{	
    "1":	"aed",
    "2":	"afn",
    "3":	"all",
    "4":	"amd",
    "5":	"ang",
    "6":	"aoa",
    "7":	"ars",
    "8":	"aud",
    "9":	"awg",
    "10":	"azn",
    "11":	"bam",
    "12":	"bbd",
    "13":	"bch",
    "14":	"bdt",
    "15":	"bgn",
    "16":	"bhd",
    "17":	"bif",
    "18":	"bmd",
    "19":	"bnd",
    "20":	"bob",
    "21":	"brl",
    "22":	"bsd",
    "23":	"btc",
    "24":	"btn",
    "25":	"bwp",
    "26":	"byn",
    "27":	"bzd",
    "28":	"cad",
    "29":	"cdf",
    "30":	"chf",
    "31":	"clf",
    "32":	"clp",
    "33":	"cnh",
    "34":	"cny",
    "35":	"cop",
    "36":	"crc",
    "37":	"cup",
    "38":	"cve",
    "39":	"czk",
    "40":	"djf",
    "41":	"dkk",
    "42":	"dop",
    "43":	"dzd",
    "44":	"eek",
    "45":	"egp",
    "46":	"ern",
    "47":	"etb",
    "48":	"eth",
    "49":	"eur",
    "50":	"fjd",
    "51":	"gbp",
    "52":	"gel",
    "53":	"ghs",
    "54":	"gip",
    "55":	"gmd",
    "56":	"gnf",
    "57":	"gqe",
    "58":	"gtq",
    "59":	"gyd",
    "60":	"hkd",
    "61":	"hnl",
    "62":	"hrk",
    "63":	"htg",
    "64":	"huf",
    "65":	"idr",
    "66":	"ils",
    "67":	"inr",
    "68":	"iqd",
    "69":	"irr",
    "70":	"isk",
    "71":	"jmd",
    "72":	"jod",
    "73":	"jpy",
    "74":	"kes",
    "75":	"kgs",
    "76":	"khr",
    "77":	"kmf",
    "78":	"kpw",
    "79":	"krw",
    "80":	"kwd",
    "81":	"kyd",
    "82":	"kzt",
    "83":	"lak",
    "84":	"lbp",
    "85":	"lkr",
    "86":	"lrd",
    "87":	"lsl",
    "88":	"ltc",
    "89":	"lyd",
    "90":	"mad",
    "91":	"mdl",
    "92":	"mga",
    "93":	"mkd",
    "94":	"mmk",
    "95":	"mnt",
    "96":	"mop",
    "97":	"mru",
    "98":	"mur",
    "99":	"mvr",
    "100":	"mwk",
    "101":	"mxn",
    "102":	"myr",
    "103":	"mzm",
    "104":	"mzn",
    "105":	"nad",
    "106":	"ngn",
    "107":	"nio",
    "108":	"nok",
    "109":	"npr",
    "110":	"nzd",
    "111":	"omr",
    "112":	"pab",
    "113":	"pen",
    "114":	"pgk",
    "115":	"php",
    "116":	"pkr",
    "117":	"pln",
    "118":	"pyg",
    "119":	"qar",
    "120":	"ron",
    "121":	"rsd",
    "122":	"rub",
    "123":	"rwf",
    "124":	"sar",
    "125":	"sbd",
    "126":	"scr",
    "127":	"sdg",
    "128":	"sek",
    "129":	"sgd",
    "130":	"shp",
    "131":	"sll",
    "132":	"sos",
    "133":	"srd",
    "134":	"ssp",
    "135":	"std",
    "136":	"stn",
    "137":	"svc",
    "138":	"syp",
    "139":	"szl",
    "140":	"thb",
    "141":	"tjs",
    "142":	"tmt",
    "143":	"tnd",
    "144":	"top",
    "145":	"try",
    "146":	"ttd",
    "147":	"twd",
    "148":	"tzs",
    "149":	"uah",
    "150":	"ugx",
    "151":	"usd",
    "152":	"uyu",
    "153":	"uzs",
    "154":	"vef",
    "155":	"vnd",
    "156":	"vuv",
    "157":	"wst",
    "158":	"xaf",
    "159":	"xag",
    "160":	"xcd",
    "161":	"xof",
    "162":	"xpd",
    "163":	"xpf",
    "164":	"xpt",
    "165":	"yer",
    "166":	"zar",
    "167":	"zmw"
}	
    