{
"aed": "United Arab Emirates Dirham",
"afn": "Afghan afghani",
"all": "Albanian lek",
"amd": "Armenian dram",
"ang": "Netherlands Antillean Guilder",
"aoa": "Angolan kwanza",
"ars": "Argentine peso",
"aud": "Australian dollar",
"awg": "Aruban florin",
"azn": "Azerbaijani manat",
"bam": "Bosnia-Herzegovina Convertible Mark",
"bbd": "Bajan dollar",
"bch": "Bitcoin Cash",
"bdt": "Bangladeshi taka",
"bgn": "Bulgarian lev",
"bhd": "Bahraini dinar",
"bif": "Burundian Franc",
"bmd": "Bermudan dollar",
"bnd": "Brunei dollar",
"bob": "Bolivian boliviano",
"brl": "Brazilian real",
"bsd": "Bahamian dollar",
"btc": "Bitcoin",
"btn": "Bhutan currency",
"bwp": "Botswanan Pula",
"byn": "Belarusian Ruble",
"bzd": "Belize dollar",
"cad": "Canadian dollar",
"cdf": "Congolese franc",
"chf": "Swiss franc",
"clf": "Chilean Unit of Account (UF)",
"clp": "Chilean peso",
"cnh": "Chinese Yuan (offshore)",
"cny": "Chinese Yuan",
"cop": "Colombian peso",
"crc": "Costa Rican Colón",
"cup": "Cuban Peso",
"cve": "Cape Verdean escudo",
"czk": "Czech koruna",
"djf": "Djiboutian franc",
"dkk": "Danish krone",
"dop": "Dominican peso",
"dzd": "Algerian dinar",
"eek": "Estonian kroon",
"egp": "Egyptian pound",
"ern": "Eritrean nakfa",
"etb": "Ethiopian birr",
"eth": "Ether",
"eur": "Euro",
"fjd": "Fijian dollar",
"gbp": "Pound sterling",
"gel": "Georgian lari",
"ghs": "Ghanaian cedi",
"gip": "Gibraltar pound",
"gmd": "Gambian dalasi",
"gnf": "Guinean franc",
"gqe": "Central African CFA franc",
"gtq": "Guatemalan quetzal",
"gyd": "Guyanaese Dollar",
"hkd": "Hong Kong dollar",
"hnl": "Honduran lempira",
"hrk": "Croatian kuna",
"htg": "Haitian gourde",
"huf": "Hungarian forint",
"idr": "Indonesian rupiah",
"ils": "Israeli New Shekel",
"inr": "Indian rupee",
"iqd": "Iraqi dinar",
"irr": "Iranian rial",
"isk": "Icelandic króna",
"jmd": "Jamaican dollar",
"jod": "Jordanian dinar",
"jpy": "Japanese yen",
"kes": "Kenyan shilling",
"kgs": "Kyrgystani Som",
"khr": "Cambodian riel",
"kmf": "Comorian franc",
"kpw": "North Korean won",
"krw": "South Korean won",
"kwd": "Kuwaiti dinar",
"kyd": "Cayman Islands dollar",
"kzt": "Kazakhstani tenge",
"lak": "Laotian Kip",
"lbp": "Lebanese pound",
"lkr": "Sri Lankan rupee",
"lrd": "Liberian dollar",
"lsl": "Lesotho loti",
"ltc": "Litecoin",
"lyd": "Libyan dinar",
"mad": "Moroccan dirham",
"mdl": "Moldovan leu",
"mga": "Malagasy ariary",
"mkd": "Macedonian denar",
"mmk": "Myanmar Kyat",
"mnt": "Mongolian tugrik",
"mop": "Macanese pataca",
"mru": "Mauritanian Ouguiya (1973–2017)",
"mur": "Mauritian rupee",
"mvr": "Maldivian rufiyaa",
"mwk": "Malawian kwacha",
"mxn": "Mexican peso",
"myr": "Malaysian ringgit",
"mzm": "Mozambican metical",
"mzn": "Mozambican Metical",
"nad": "Namibian dollar",
"ngn": "Nigerian naira",
"nio": "Nicaraguan córdoba",
"nok": "Norwegian krone",
"npr": "Nepalese rupee",
"nzd": "New Zealand dollar",
"omr": "Omani rial",
"pab": "Panamanian balboa",
"pen": "Sol",
"pgk": "Papua New Guinean kina",
"php": "Philippine peso",
"pkr": "Pakistani rupee",
"pln": "Poland złoty",
"pyg": "Paraguayan guarani",
"qar": "Qatari Rial",
"ron": "Romanian leu",
"rsd": "Serbian dinar",
"rub": "Russian ruble",
"rwf": "Rwandan Franc",
"sar": "Saudi riyal",
"sbd": "Solomon Islands dollar",
"scr": "Seychellois rupee",
"sdg": "Sudanese pound",
"sek": "Swedish krona",
"sgd": "Singapore dollar",
"shp": "Saint Helena pound",
"sll": "Sierra Leonean leone",
"sos": "Somali shilling",
"srd": "Surinamese dollar",
"ssp": "South Sudanese Pound",
"std": "São Tomé and Príncipe Dobra (pre-2018)",
"stn": "Steneum Coin",
"svc": "Salvadoran Colón",
"syp": "Syrian pound",
"szl": "Swazi lilangeni",
"thb": "Thai baht",
"tjs": "Tajikistani somoni",
"tmt": "Turkmenistani manat",
"tnd": "Tunisian dinar",
"top": "Tongan Paʻanga",
"try": "Turkish lira",
"ttd": "Trinidad & Tobago Dollar",
"twd": "New Taiwan dollar",
"tzs": "Tanzanian shilling",
"uah": "Ukrainian hryvnia",
"ugx": "Ugandan shilling",
"usd": "United States dollar",
"uyu": "Uruguayan peso",
"uzs": "Uzbekistani som",
"vef": "Sovereign Bolivar",
"vnd": "Vietnamese dong",
"vuv": "Vanuatu vatu",
"wst": "Samoan tala",
"xaf": "Central African CFA franc",
"xag": "Silver Ounce",
"xcd": "East Caribbean dollar",
"xof": "West African CFA franc",
"xpd": "PetroDollar",
"xpf": "CFP franc",
"xpt": "Plata",
"yer": "Yemeni rial",
"zar": "South African rand",
"zmw": "Zambian Kwacha"
}